Spend,Revenue,Clicks,Impressions,CTR,CPC,Conversions,ROAS,CampaignType,Channel,Device,Revenue_per_Click,Conversion_Rate,Revenue_to_Spend,Spend_per_Conversion,CTR_ROAS,Log_Revenue,Log_Spend,Cluster
-0.37213970513794065,-0.9169264457848529,1.0546993483132072,0.5475102320379841,-0.3349181802312405,-0.35832959388724905,0.0777176572071905,-1.373524080512674,0,1,1,-0.5267695244062587,-0.41108171593291676,-1.3716251508398414,-0.334739775220416,-0.7442771554406834,-0.8951434489450765,0.03699392591689035,1
1.586615233823409,-0.2250543936954433,-0.9705009522553237,-0.5677792401167933,-0.5425328488144444,0.3790771968695546,-0.4058588765264392,-1.1832965331510918,0,0,2,-0.07322336763457196,-0.1285126268343562,-1.1797090795700969,0.027010580896875972,-0.7369149313679472,0.21394808626018905,1.0683014605734054,1
0.8430560747067082,-0.45663815208492997,-1.254861268431042,-1.0310386610576765,0.6782414024547968,0.5236574697175786,0.9757883627125028,-1.1862885795264988,3,2,0,0.008705846495577863,0.9163441001251413,-1.1829774645404592,-0.29192485194233236,-0.38692179479234223,-0.03543482134043763,0.7771614371337414,1
0.38977043335287476,-0.5323579386100153,-0.9913078046584252,-0.9791224041552277,0.9603142408162472,0.08677899817342848,-1.5111766679175929,-1.1006880585514422,2,1,2,-0.21697013033261486,-0.5506678978464266,-1.0974011705534985,1.567537911271805,-0.23846715584186737,-0.1335024131845515,0.5539995876712831,1
-1.1150227331082185,-1.049478034694412,1.3876089867628287,0.3526725934458222,-0.06430931733433017,-0.4180111861227,1.3902825344841854,-1.1476041930873324,2,2,0,-0.548790523319455,-0.29926810407715637,-1.148396159010348,-0.4470035961321741,-0.5831468208069712,-1.4168886863503625,-0.9065902477945484,1
-1.1151047315354887,-0.6858932964297136,1.1379267579256125,-0.17325035627714871,0.45661274374222555,-0.41482049647657077,-0.8203530482981218,0.6537872532331629,0,2,0,-0.49540312215628696,-0.5145214630267321,0.6499362846539806,-0.3551382612163874,0.6875641822132091,-0.36997232623088405,-0.9067531198282821,1
-1.447961494459194,-1.1434122046139985,1.1517979928610134,-0.24224090802063664,0.5986823967631016,-0.43897366153210815,1.735694344293921,-0.9931265075714985,0,0,2,-0.5601265886831743,-0.2374253183975302,-1.0032127024465236,-0.4705422279414743,-0.28111514645160945,-2.1090514176834323,-1.901726185401893,1
1.2992203049131315,0.5148212823316815,-1.0537283618677291,-0.5282570144948957,-0.6720517219236459,0.3902201456586557,0.21588238113108468,-0.40544343623619356,2,2,1,0.3894730381511388,0.1883847309596592,-0.39944115616482784,-0.1678788978834489,-0.5871569238392639,0.7395086118583047,0.9644840138275682,0
0.39812161528296963,1.4557249038826887,0.5830773605095766,-0.36739462248997906,0.45661274374222555,-0.2704233620812288,-0.33677651456449215,1.5720282982699805,3,0,0,-0.10466591883325055,-0.42856932455267693,1.5825814571704837,-0.1753091104857963,1.2555430384606086,1.1505429331747068,0.5585366240873116,0
0.7617332891268859,0.6016790847957696,-0.013385741712661912,0.29598940143546904,-0.6184516455351703,-0.16545789743674394,0.21588238113108468,0.0548881538751884,0,1,1,-0.14744060976794288,-0.2710763562959429,0.06183762459120923,-0.2249753162552268,-0.43874020350175374,0.7858004943698229,0.7402372218379093,0
-1.575443051121739,-1.126335031081988,-0.200647413340574,0.0791371897995308,-0.5822715939729474,-0.44181145790451787,-1.1657648581078575,0.7495282134758022,1,0,0,-0.5454046897816163,-0.5083173967725719,0.6730482987555663,-0.44554608954305286,-0.22532204494829997,-1.940066754698045,-2.782774678695322,1
1.651872183647909,-0.019333203210502917,-0.9982434221261256,-0.20687891667472824,-0.8679356374524283,0.4251130194726505,1.113953086636397,-1.0274294048151242,3,1,2,0.049462230424415346,0.4899981241022999,-1.0233036951151504,-0.24263395409072744,-0.8034917012432092,0.39131790564868807,1.0906009982581486,1
1.1845402812264894,-0.11586369780995592,1.5055144837137362,2.890675516441497,-0.8679356374524283,-0.2715130076356141,0.9757883627125028,-0.9557783229558646,0,0,2,-0.4323035592911433,-0.3503412853094648,-0.9515968127144583,-0.2658810169212834,-0.7909567959763878,0.3121771386193728,0.9202357652761447,1
-0.92355633003007,-1.0831115949450896,-1.0884064492062313,-0.5683859409487084,-0.6619356511686346,-0.2305127678930551,-1.649341391841487,-1.499088226373438,0,2,0,-0.48723723818908077,-0.6049514130350138,-1.4984494515628453,1.7649216983839278,-0.8483830073629591,-1.6117175436720776,-0.5788622368442492,1
-1.0272918505072892,-0.9961560215371814,-0.7138831059504072,-0.7667771129849444,0.22574955758329887,-0.3282145239546229,-1.5111766679175929,-1.03957439813856,1,0,2,-0.48327770420106,-0.5644105599194866,-1.03973381836243,0.1625693557714983,-0.43755861552929737,-1.1718707293359691,-0.7445550773120297,1
-1.0219220560482665,-0.9017026070375039,0.6454979177188807,-0.6515039549210764,1.482671348893012,-0.39851110510903864,-0.8203530482981218,-0.6461214922506459,1,0,0,-0.5165842639627282,-0.49638438265783946,-0.6465693689491373,-0.33381808727386053,0.36400974274341147,-0.850072208493106,-0.7353540585176117,1
-0.6111235308040625,-0.8355990588433251,1.0130856435070044,-0.46325335393256406,1.0722479068326989,-0.3749424646473773,0.21588238113108468,-1.0105990669344618,2,1,2,-0.5140939185496661,-0.3924854678374233,-1.0086738919386726,-0.37081178309650054,-0.12878964813458696,-0.6758494202894946,-0.19009882305440828,1
0.1385338913740396,-0.7645113192691982,0.8882445290883964,-0.8659293632293542,3.781042624430782,-0.31194677450648234,1.6666119823319738,-1.3274558660338336,3,2,1,-0.5004194142367738,-0.20975625875717613,-1.3249479456007693,-0.3739574066703362,0.26030964313670996,-0.5183582660402329,0.40820794558022105,1
-0.17698668818445756,-0.7838238024249474,0.7634034146697883,0.9463726932484507,-0.6184516455351703,-0.33110646343496014,0.008635295245243388,-1.212876204795065,3,0,2,-0.5000549377405031,-0.3977668914526973,-1.2104138827331332,-0.30553760466308405,-0.7664558929937618,-0.5586366556295876,0.19358376574309397,1
-0.6553627207148813,-0.47909244936373885,0.5692061255741757,-0.9057982750409176,3.781042624430782,-0.3638042301886203,0.5612941909408202,0.007586833063209972,2,2,1,-0.44078316389904787,-0.30615468803194507,0.010405242589215392,-0.3919991632436483,2.5725269876398555,-0.0634793066745344,-0.2376533365406847,0
0.43462599498872656,-0.369607843701113,-0.42952278977468883,-0.4642934125015614,-0.18765661298036576,-0.12818067540910147,0.9067060007505557,-0.9053846887194555,3,0,2,-0.312507687265331,-0.009469434860713392,-0.9015284590431214,-0.3188308126105404,-0.5226335793111262,0.06607997797882594,0.5781573703303172,1
-1.171200178624502,-0.9204301096194505,0.3750088364785632,0.3490323884543316,-0.4830409262379701,-0.4059920849536916,-1.3039295820317516,-0.33869572894593264,3,0,1,-0.5132473431388114,-0.5541144702393528,-0.34199634428041403,-0.23222115808597757,-0.46312611987710195,-0.9058249044761209,-1.0240753376862004,1
-0.6522503694228347,-0.42061461857245874,-0.6445269312734027,0.21625157781234225,-0.8626054628802196,-0.26697637364976956,1.3212001725222384,0.16057758240233544,3,2,2,-0.28279265199260045,0.21479428954501967,0.16357405380730244,-0.41487185525145626,-0.5917211627840951,0.007902242721001939,-0.23424141249625044,1
-0.39994247377758985,0.08519521051243194,-0.3324241452268825,-1.0184712866822925,3.781042624430782,-0.2705299702692993,1.3902825344841854,0.8314697287061712,3,0,1,-0.20132649647906567,0.0566448565873913,0.8370475236569566,-0.3997384292931758,3.999444885047612,0.47020203808206085,0.01280576355415613,0
-0.09497174115593053,-0.9247539548652818,1.3113171946181237,-0.22932684745558676,0.6782414024547968,-0.3474196821278907,0.4922118289788731,-1.5046730025472383,3,2,0,-0.531564701165146,-0.38431908130184506,-1.502754849145174,-0.33702549011134125,-0.6074912149692674,-0.9191738957306578,0.25341577104872404,1
1.0238530381390647,1.9269725965619917,-0.6029132264672,-0.15262252799203546,-0.65153054982063,0.02359129456109608,1.3902825344841854,1.222627313584203,1,0,0,0.5176729918808697,0.204933675640689,1.2334827778797541,-0.30562880797828745,-0.17307481464539728,1.3046383507981787,0.8551638721680341,0
-0.9666132307511927,-0.5545360629975982,1.5818062758584412,1.885372237958185,-0.6818906400552243,-0.4108451345504167,1.5284472584080797,0.6072341097116313,3,1,1,-0.4893418312055467,-0.3036723532766793,0.6067981214214488,-0.4391999166455938,-0.3522973933842973,-0.16424516522968996,-0.6447090018573233,1
0.10276344793940632,-0.789554257919746,-0.6583981662088036,-0.17255698389781718,-0.6720517219236459,-0.12436402676889603,-0.26769415260254503,-1.3523697695332835,1,2,2,-0.4128099299002171,-0.21908064241734598,-1.3499498817208426,-0.23185838751024662,-0.8149377669889449,-0.5709229533351513,0.3858295278559658,1
0.36854369278572924,1.356509045103105,-1.3034105907049454,-0.7154675569144107,-0.7273010314317618,0.41676255585398614,-0.6131059624122805,1.4887495176749352,3,0,1,1.5564124441177747,0.05314325740196754,1.4989920614869463,-0.10355204062483778,-0.19688967436064517,1.1146652877468808,0.5423847255440064,0
-1.4875095814213746,-0.9760454900840061,0.22936086965685376,-0.4149773020216058,0.27787995445789354,-0.4355384550023934,-0.26769415260254503,1.6584438037179197,2,0,2,-0.5203867294983443,-0.3870788010536095,1.6101051763738357,-0.457101395664693,1.0873437581698866,-1.0936732068599113,-2.109443803948355,1
0.4199804236755214,-0.7667785406710534,0.9853431736362026,1.4457741494619905,-0.709853881060776,-0.29548158696747884,-0.9585177722220161,-1.4265752999196961,0,1,0,-0.5032572726458074,-0.5254792692105312,-1.4241566874187463,0.083438013993458,-0.8406096992912844,-0.5229996280558065,0.5703264502569373,1
-1.0657100641945383,-0.9249389914350165,0.1461334600444484,0.8679349428365707,-0.7819003490633162,-0.3886466470921797,0.8376236387886086,-0.652266779831169,1,2,2,-0.5072878648949194,-0.19609259650820837,-0.6532243736702905,-0.43496849445460006,-0.6977459356033807,-0.9197493488111462,-0.8126677458400736,1
-1.4242732294610996,-0.9299191276457369,0.3333951316723605,-0.2678956860559035,0.08723164588793875,-0.43022217719973366,0.7685412768266615,1.2469935996016264,3,0,0,-0.5139437757987462,-0.24218293774558824,1.218275241310218,-0.4632225542342405,0.6473129816122246,-0.9353691781345318,-1.7934526201844871,1
1.5803981718740867,2.363056492836077,1.0269568784424052,-0.31816518355743995,0.6782414024547968,-0.21061654405624097,0.6994589148647145,1.0390940113205047,2,1,2,-0.04459443752699974,-0.33871001580199217,1.0500505833085028,-0.20727414673599814,1.1547721834428093,1.4279799668462527,1.0661538003692947,0
1.6373293605809063,0.02729164418031338,0.8882445290883964,0.8154986566496232,-0.5284035172025343,-0.19348572524606875,-0.4058588765264392,-0.9836505975061671,0,0,2,-0.37814881460090305,-0.4567532301808246,-0.9793835025532805,0.034949735712418974,-0.6752108765590336,0.4273124287246367,1.0856694592946814,1
1.1027961892137497,-0.08678590141663821,0.94372946883,2.0583686466014033,-0.8459416539544636,-0.24017684875931639,-0.33677651456449215,-0.8945644293867941,1,2,2,-0.39932374830757644,-0.45167226813222733,-0.8902294003234899,-0.07051001701867177,-0.7717780270869555,0.33671532676781857,0.8876016710275509,1
-0.6098604946910123,-0.5696435065976554,-0.8387242203690153,-0.4070901912067096,-0.6067570834140483,-0.21961593957677292,-0.4749412384883863,-0.31644153264243685,0,0,1,-0.288818508961791,-0.21604880064820717,-0.3137071344458946,-0.30753655856249235,-0.5279606900133491,-0.18576898026459532,-0.18877012580502955,1
-1.3133768928308793,-0.950609892363622,-0.42258717230698833,-0.5468047256420143,-0.02941501659235844,-0.39919926145590573,1.5284472584080797,0.09278320101900672,2,0,1,-0.4883097702903192,0.13167588807411404,0.08292823668989194,-0.46114486903028484,-0.007329551368099283,-1.0031512954457744,-1.3911699809266864,1
0.6806886331392906,0.9777257726636907,1.006150026039304,1.851657006013189,-0.7958863811659789,-0.27692730190236475,1.113953086636397,0.5726247725641976,1,0,0,-0.24566059440339083,-0.28941176809642827,0.580981609699275,-0.31308969417674337,-0.4604229435888897,0.9637483102251089,0.7021966154978043,0
-0.14908465312174193,-0.2880809454068176,-0.8872735426429184,-0.3098447150054615,-0.7273010314317618,-0.10004990943309881,1.6666119823319738,-0.3220334376182317,0,0,0,-0.14672616927471285,0.5509201284242256,-0.31764322003977646,-0.3914164211110219,-0.5989630292669891,0.15227395221466816,0.21429703631479838,1
-1.2305421172269242,-0.8999944122121467,-1.546157202074461,-1.0226315209582817,-0.4668400008934865,-0.08333601228174806,-0.7512706863361748,0.013887331389918605,3,1,1,-0.049887864553115335,0.4907184856398903,0.007935901930334386,-0.3888918220236497,-0.34482584598505167,-0.8451453687632713,-1.1630902547772806,1
0.03797570060118634,0.6611505938914284,-0.5543639041932968,-0.09455259122301925,-0.6619356511686346,-0.16300991777411655,-0.6821883243742276,1.0362638979307637,1,1,0,0.05542015898929229,-0.35722664206389226,1.0442935576056744,-0.1437161034356462,-0.22992041719567977,0.8162483020749233,0.344132006251268,0
-1.5285150451580034,-1.201852194846393,1.4153514566336305,1.934601676890724,-0.7273010314317618,-0.4456641586452441,0.423129467016926,-1.5141058626947974,0,2,1,-0.5686774334188137,-0.39832383909135943,-1.5228811306384704,-0.4698197075845712,-0.8636554695403055,-3.1475079231005663,-2.3748034754770013,1
1.4458930072785068,0.22698340393325547,1.2974459596827228,2.090870476882569,-0.7819003490633162,-0.24122395960132192,-1.649341391841487,-0.7399622039604561,2,1,2,-0.37695309264450255,-0.6049514130350138,-0.7349653609715933,8.81260446579452,-0.7156145758694709,0.5677370242877383,1.0186596926368334,0
-0.7656764956826658,-0.26388471611301184,0.7980815020082905,-0.3896692101760047,0.6782414024547968,-0.380908742925551,-1.5111766679175929,0.913833444149435,2,1,0,-0.41795151881713943,-0.5879156290130635,0.9163808250508452,0.42195198937274825,1.0679945376967548,0.1764249483957532,-0.36577355798938876,0
0.6068810514238664,1.7209665717209852,1.4847076313106349,2.864934066858814,-0.8679356374524283,-0.30772054818420386,-0.6131059624122805,1.5663534761520599,1,2,0,-0.19912916577004028,-0.5038126531573304,1.5774366551336796,-0.059245171807900614,-0.34972573076575325,1.2403148076461108,0.6664006163978101,0
-0.585732574219724,-0.35659254438672533,0.8258239718790923,2.0497881634071757,-0.8679356374524283,-0.36713762612714973,-0.1295294286786508,0.19021581327860346,0,1,1,-0.43423214601704646,-0.41953035325926075,0.19369586214408618,-0.3428499823117708,-0.5904723432468664,0.08037369254563284,-0.16368372930003652,1
0.12259522676232425,0.256477226202878,-1.622448994219166,-1.0737677339339824,-0.4830409262379701,1.6701878984387375,-0.9585177722220161,0.26354215796837965,1,1,0,2.7358966185136095,0.5812439188637427,0.26995750197519053,0.003025140513180368,-0.28013638984074957,0.5868301904102627,0.39829130142617597,2
0.21316793184559385,-0.700540071062037,-0.12435562119586908,0.769389393424076,-0.8401506848951549,-0.21578586988385418,-0.8894354102600689,-1.2611857339170944,1,2,0,-0.44136939074058623,-0.4599719835807213,-1.2584550922876045,-0.015137982597713578,-0.8370976383550026,-0.3959236588116795,0.45351803260312756,1
-1.0169928379268285,-0.7557232538777562,-0.679205018611905,-0.5282570144948957,-0.31293121012086694,-0.3301984346927694,-1.0276001341839631,-0.0403730060874361,0,2,2,-0.3974054644902314,-0.42811370404642607,-0.04125370233484138,-0.28719791528896627,-0.2583075801180219,-0.500578185903346,-0.7269734927942616,1
1.6507665546410928,1.5194189066041761,-1.5114791147359588,-1.0493263575625458,-0.15902241934824737,1.976144390702023,0.4922118289788731,0.2653497697890346,0,2,0,3.2691970156396044,1.7039915934748913,0.2737916375663206,-0.17475928454761688,-0.02893785061147252,1.17288385414469,1.0902268303311766,2
0.989710505121622,-0.019861669663547358,-0.17984056093747267,-0.553218420150831,0.22574955758329887,-0.10581630866038026,-0.6131059624122805,-0.7757226817314294,3,0,2,-0.26291767311872277,-0.4005220047716111,-0.7710814768062475,0.011922749499808434,-0.2947536055598312,0.3909020404245744,0.8408405829982127,1
1.5484876124234372,0.3444137196110738,0.7564677972020878,-0.5945607482684739,1.3314627123444767,-0.1873696103852316,-1.1657648581078575,-0.6796597493436016,0,0,1,-0.31668988710602036,-0.5443592731082935,-0.6744178900449216,0.7159301212682881,0.2626266748666572,0.6415882674098101,1.0550656263003018,0
1.3966226006634987,0.6966456914507845,-1.4213160876558528,-0.830394028788613,-0.7273010314317618,1.2596502267713476,0.9067060007505557,-0.29199925294482343,2,2,0,1.4948371832901968,1.511136330834375,-0.2855679321990683,-0.24353187252428765,-0.5922941210147801,0.83396815769291,1.0007495137652447,2
0.3871918274329421,-0.8827363021674854,1.2627678723442206,0.4450644629917495,-0.18765661298036576,-0.3122523120052135,-0.8894354102600689,-1.573711217996449,1,2,2,-0.52522226714926,-0.5254254506029753,-1.5717070329902485,0.027996695389033977,-0.791820369389429,-0.7967463892446192,0.5525949869479261,1
1.4885708689623776,0.5299004387003006,0.05597043296434257,0.2146914899588463,-0.5425328488144444,-0.09311618958941534,-0.06044706671670372,-0.4900797055653736,1,2,1,-0.17926633074632986,-0.331112267641286,-0.48424239378132766,-0.09166997370667446,-0.5400933304338467,0.7477081186897016,1.0339469509280759,0
-1.3445837928303759,-1.0918506607422118,0.18774716485065107,-0.7295950191432907,1.3314627123444767,-0.41984587026576153,0.21588238113108468,-0.8870341653181135,2,0,0,-0.5434575612519196,-0.304695719648141,-0.8930312174846314,-0.4487261377688054,0.07359478620525152,-1.669603780286052,-1.4906543642573207,1
-0.9791608377501813,-0.8363793619718812,-1.5877709068806636,-1.126984064047678,0.45661274374222555,0.23740406114093635,-1.1657648581078575,-0.47063876903329466,0,0,1,0.1674961698122911,0.09564520486768929,-0.4707358932518426,-0.22384859355092365,-0.007950584321876385,-0.6777309289853343,-0.6646439547065122,1
-1.4916676986269986,-1.1748236591049548,-0.20758303080827445,0.13339357848222358,-0.6184516455351703,-0.4305812409507349,0.21588238113108468,-1.2160112592302155,2,1,0,-0.5578969600924312,-0.23060665244878284,-1.2265759696704759,-0.4643506346858787,-0.7672663011100523,-2.5295889175650674,-2.1336810575507594,1
-0.5394327174520402,0.23451413607736007,0.1461334600444484,-0.9586679189649473,3.781042624430782,-0.3312120887659251,0.7685412768266615,1.5495628086436406,2,1,1,-0.26030967200957983,-0.20744978585617516,1.5551731099951747,-0.3901151409748505,5.2431408923154725,0.5726485896051517,-0.11705262053109977,0
-0.3240791467031954,-0.005139633850977568,0.20855401725375242,0.7582954353547714,-0.7273010314317618,-0.31230133860781417,0.0777176572071905,0.48413417702510075,3,2,1,-0.31943181348575655,-0.32980301130592077,0.48950577748764895,-0.3292416530628039,-0.41995840781912985,0.40241992067462656,0.07762107305375689,0
-0.7229469016855977,-0.26072863082779885,-1.1022776841416322,-1.0884152254473611,2.5876575390554017,-0.16514351847040545,-1.1657648581078575,0.7909511979496552,2,0,2,-0.0012521519745596302,-0.3851563956537736,0.7938973446761137,-0.12858835135347446,2.7960365853725015,0.17953051865502642,-0.3144068381003394,0
1.1719443595891659,2.0624732872619145,0.19468278231835154,-0.5781798258067664,0.6782414024547968,-0.1520075940426258,1.735694344293921,1.1858882936027582,1,0,1,0.11207862689333184,-0.061928428916655724,1.1968433592270233,-0.3146894308456897,1.2564678927400428,1.3446986704440564,0.9152682851766968,0
-0.43260747292682616,-0.2554451590513561,0.7703390321374888,-0.14109521218564866,0.176778578701102,-0.3525715888776918,0.21588238113108468,0.14272658080597864,2,0,0,-0.4149281866948392,-0.3724953923484026,0.14698977768682195,-0.3518482970451599,0.16646950378544056,0.1847068960722118,-0.01629116993683836,1
-0.6903602245823217,-0.9792110441596479,1.332124047021225,2.2844080422634843,-0.8092438275561665,-0.38853302908405196,0.21588238113108468,-1.3338507223832894,1,2,0,-0.5390562323188153,-0.4140603761797834,-1.3324817714374944,-0.3792289751132081,-0.8431311012224598,-1.105564815288388,-0.2767469165390044,1
0.1995213180730251,0.33197924393220424,1.56099942345534,-0.7398222617384309,3.310921227161693,-0.33683323853417635,0.8376236387886086,0.28145769001129006,1,1,2,-0.379256005535261,-0.3677123466552625,0.2880986750759453,-0.333257675448239,2.680650070951776,0.6340335688369056,0.44536797831568214,0
-1.1663375290263034,-0.7708925119688986,1.3668021343597272,0.42174981673672657,-0.1289914357828592,-0.4212074673799834,1.113953086636397,0.4599097832519835,1,2,0,-0.5120977619927021,-0.32523722996718474,0.4548808841265282,-0.44708454524836444,0.07648007903765744,-0.5314796979289141,-1.0134083238463345,1
1.0817174938180116,1.8033858458967067,0.42355815875246633,1.3851907378178974,-0.8342351788668311,-0.19184399607270508,0.7685412768266615,1.0289748241756493,0,1,0,-0.006401023943356124,-0.25682886997777005,1.0393120368272508,-0.2561722474902746,-0.4090484532191654,1.2665723933478066,0.8790312562472861,0
-1.3919803693071398,-1.0301751809849238,0.3333951316723605,-0.32128535926443186,0.176778578701102,-0.4270068829454855,0.1468000191691376,-0.09689553073845626,3,1,0,-0.5334335427192313,-0.3354662599628691,-0.11071345672741932,-0.4526287621317901,0.04070836842903066,-1.3207661185295458,-1.6608184807017927,1
1.709587278685051,-0.1928496621473618,-0.7554968107566099,-0.9273794903476117,1.0722479068326989,0.23268161385780356,-0.5440236004503334,-1.187958964778952,1,2,1,-0.1622981734586158,-0.2678222134427356,-1.184354241452882,0.10868421921393141,-0.2750644888079382,0.24398633508799528,1.1099626998374768,1
0.9798923107546129,0.11659492552656579,-1.747290108637774,-1.1613059968245891,-0.5137952251969984,9.73963932932247,-1.0966824961459103,-0.6275152163993326,1,1,1,8.4188224317292,2.2419173835220016,-0.6224238150727064,0.39465348404504674,-0.5654777453970646,0.49267786858415735,0.8366878252608952,2
-0.9698703782773394,-0.7987511820304668,-1.53228596713906,-1.053486591838535,-0.21498925235647318,0.10254230977321707,0.5612941909408202,-0.34295681677925693,0,1,0,0.07602839703668691,1.9572305038663005,-0.3430124682064643,-0.420346757249289,-0.3116754793801354,-0.5909784540924091,-0.6498500333642249,1
-1.6266489300302633,-1.1789516095233468,-0.4433940247100897,-0.4887347888729981,-0.15902241934824737,-0.4473502296111922,-0.33677651456449215,0.6718801803144904,1,0,2,-0.5566558321922964,-0.2960589230532564,0.5188136828533553,-0.47643267230825825,0.13870199286831586,-2.601705434160776,-3.5103841685965933,1
1.1268111530054168,1.2241745297177153,-1.4351873225912537,-1.0092841026561494,-0.15902241934824737,1.1682621999463876,-0.8203530482981218,0.4022749769487835,2,1,1,2.1582236127131966,0.10676578610424009,0.4107020857887904,0.1578115588333747,0.02752562592655292,1.0646090373457908,0.8972872775056334,0
0.7576019941993095,0.23009981767932544,-1.6571270815576682,-1.0748077925029798,-0.65153054982063,3.1036501848427043,0.21588238113108468,-0.36802166649818907,2,2,2,3.4157561568903736,3.3256685731204114,-0.3623291836475734,-0.22541417735637742,-0.56663377970432,0.5697726272298106,0.7383287885832839,2
0.8329022739973855,2.306978903766801,-0.5821063740640987,-0.28696342648752077,-0.5284035172025343,-0.017849364339591174,1.5975296203700267,1.8939761953247323,3,2,0,0.6281625543815933,0.24549032491951842,1.9065316091432438,-0.32863029689184625,0.15543653592831855,1.4129845910888266,0.7726166233547922,0
0.9765796751965333,1.2120168299312783,-0.24919673561447714,-0.19266478289843175,-0.3958051743830459,-0.09199594101426825,0.2849647430930318,0.527845591580966,1,1,0,0.07971809245932368,-0.2063897815170316,0.5364894277419336,-0.21188282552711882,-0.12467624077920754,1.0598757679980162,0.8352832396132391,0
-1.3937005335284303,-1.1027131071447114,-0.679205018611905,-0.9073583628944136,1.0722479068326989,-0.4015090866247989,-0.8203530482981218,-0.7945375874998747,0,0,1,-0.525279888766684,-0.3691678010502302,-0.8032321643569968,-0.41888091431247454,0.04940372513659991,-1.7468272985573448,-1.6675039545390047,1
-0.42678601189140214,-0.8883764935798336,1.533256953584538,1.9661501201503089,-0.709853881060776,-0.37577581089811957,1.4593648964461325,-1.2805238793184153,2,0,0,-0.5297409493624278,-0.3059415938945596,-1.2785502744093418,-0.40331313402118374,-0.807326451996528,-0.8122952599823194,-0.011050355873737611,1
-1.2515147725237554,-1.0855274666181831,-1.4559941749943552,-0.8815302417643138,-0.6914636414805488,-0.19300349918585516,0.6994589148647145,-1.097256246213246,0,1,1,-0.4015997263611749,1.5302001843827477,-1.0999515418254353,-0.4479379492343957,-0.7597285101830759,-1.6273717117358613,-1.2166253581425641,1
1.2887743227625919,0.12904803388573946,0.8119527369436914,0.17014231458679505,-0.15902241934824737,-0.21418880406873508,-1.3039295820317516,-0.763210208443891,0,1,0,-0.3563260116806288,-0.5625872940386296,-0.7583640708493841,0.9872689310745884,-0.4530823409035345,0.5014471100937549,0.9605245848439723,0
0.4735350703994388,-0.4798535196233267,-1.733418873702373,-1.159745908971093,-0.3349181802312405,6.147756415565895,-0.4749412384883863,-1.069189373000865,2,2,0,3.5269307216102264,4.344718199160706,-1.0657541172561398,-0.12851164678348226,-0.6367077167851174,-0.06444445417606577,0.5987017063950969,2
-0.5205048506165887,-0.7879003113402939,-1.0884064492062313,-0.46125990834198594,-0.7672402913171502,-0.11051083980994973,-1.3730119439936987,-0.9763093502598872,0,1,1,-0.3167255577986752,-0.481769590107066,-0.974076714927365,0.20528614583800758,-0.7585280185240524,-0.5673605548754168,-0.09853067408255048,1
-1.429349639642904,-1.103266112830651,0.8605020592175946,0.5284424916063668,-0.3958051743830459,-0.43566220595259847,1.5284472584080797,-0.6227815835196304,2,0,1,-0.5525259265937151,-0.22228787999131103,-0.6351497815131026,-0.46848420900451443,-0.5079109022167553,-1.7509311113739476,-1.815797105148437,1
-0.5882100389511947,-0.8322230981191201,-0.15903370853437132,-0.11353366010722007,-0.41456909081976867,-0.3144193133440638,0.008635295245243388,-1.0236485488297167,0,1,1,-0.47185293438988274,-0.2819873058625792,-1.0216697458904995,-0.35446326307868137,-0.6478407150930809,-0.6677516246868558,-0.16623406992613166,1
-0.5399324866102906,0.24299222601086518,-1.5184147322036592,-1.067180696330333,-0.02941501659235844,0.3968912598998993,-1.58025902987954,1.571945825037691,2,2,0,1.5350821797950471,-0.5286959988415223,1.5775817552117404,1.2108198797237717,0.6668348655433363,0.5781479239803891,-0.11754581510489939,0
0.8349386623035874,-0.6133450533061087,0.16694031244754973,-0.6606911389472193,0.9603142408162472,-0.18412094463591097,-1.0276001341839631,-1.3578426327108066,1,2,0,-0.4422982734417799,-0.5038126531573304,-1.3550506050946636,0.26364001633881534,-0.4409112312233168,-0.2509143988854867,0.7735295737904707,1
0.5220109690474736,0.5645387310849272,0.6454979177188807,-0.5597187862070642,1.0722479068326989,-0.2643833423464446,0.3540471050549789,0.2362651608893112,3,2,2,-0.26778063069354774,-0.3425810896235092,0.24340227293241085,-0.2660333733870766,0.8995423958212535,0.7662804263256586,0.6237849774311367,0
1.3707360700639095,0.8099898539250571,0.3195238967369596,0.2564671758135714,-0.4500499509910203,-0.14994711076294523,1.735694344293921,-0.17318806293846917,2,2,1,-0.1731214346732119,-0.0937669100701751,-0.16638794390894107,-0.3028637218916563,-0.39216146679139796,0.8884434787920039,0.9912244000708066,0
-0.040085591276724224,1.0692259101733481,-0.5196858168547946,-1.02583836821269,3.310921227161693,-0.18385922760774567,1.3902825344841854,1.879133591343762,2,2,0,0.17033360795124006,0.15268302475838558,1.8887869884017678,-0.3759527138191021,5.196180052573128,1.0024511413322381,0.29175492972028716,0
-1.2388506729461253,-1.1043248504729732,-1.1161489190770333,-0.8246737066591278,-0.21498925235647318,-0.3190824640170234,-1.3730119439936987,-1.2437228957429727,3,1,0,-0.49657418837929107,-0.476842317189948,-1.2457062228348026,-0.22204297180616892,-0.6662380155257567,-1.7588375343528433,-1.1839960425487561,1
0.7793166709913847,0.3748257337556303,-1.0884064492062313,-0.3452067063513699,-0.8516119778250327,0.2764895726035106,0.5612941909408202,-0.21818710684901652,2,1,1,0.3548557224358852,0.3805031703885686,-0.21202830088690672,-0.26268686210747616,-0.6519359443772728,0.6598170905987125,0.7483238781818502,0
0.9409339801574782,2.4017784647128737,-0.4711364945808915,0.29546937215097036,-0.8156999266447524,-0.03707860759805636,-1.649341391841487,1.8328178777059225,2,1,2,0.5581411435121899,-0.6049514130350138,1.8454084523089789,7.310655900086138,-0.23527989113154543,1.4381984597456958,0.8200574963661256,0
0.2626894543937556,1.2027039175169916,1.56099942345534,2.959319381995319,-0.8679356374524283,-0.33283911719494474,-0.4749412384883863,1.4597882625150966,0,1,1,-0.27163449026394887,-0.49292185391124227,1.4696323923156076,-0.16335267717043708,-0.3683686433780391,1.0562340825840812,0.4826086157986323,0
0.9755490331697866,1.9307120087734666,-0.9705009522553237,-1.0254050104756078,1.6516692368002035,0.22291642545745222,0.4922118289788731,1.285998967398823,3,2,2,0.9969911782521241,0.21558205208834086,1.2969737542065185,-0.2375206877906323,2.4115763634536904,1.305766775761139,0.8348458818107986,0
0.03327980275924871,-0.4197148963898678,-0.45032964217779015,-0.6106816560879321,0.08723164588793875,-0.18625998070710184,1.5284472584080797,-0.7203501295472957,1,0,0,-0.3238867094844817,0.14670909830083095,-0.7164901794212888,-0.37592164556444324,-0.32620885966655827,0.008959816267277222,0.3410489777977612,1
0.13165447714875722,-0.5753247995223272,-0.02032135918036236,0.6465758107349775,-0.7672402913171502,-0.23951292235640306,1.6666119823319738,-1.0325685668188087,2,1,2,-0.4198327653713767,-0.009095153290522138,-1.029336528913863,-0.3743750007184294,-0.7702675046313947,-0.19399057678562592,0.40393842865434504,1
-0.19195847535027163,0.2575041451426748,1.4777720138429344,2.856353583664586,-0.8679356374524283,-0.3591998569720702,-0.9585177722220161,0.7534230175216475,3,0,0,-0.3838049169440989,-0.5373833245091353,0.7599180099549119,-0.08203009193712936,-0.49194279187672885,0.5874881407271499,0.18231060325638027,0
-1.5590072919527669,-1.0693679953586959,1.1101842880548107,0.36307317913579523,-0.18765661298036576,-0.44684335657583396,-0.26769415260254503,1.688955437692639,0,1,1,-0.5493870831042925,-0.45280284314776237,1.602329779171596,-0.46722818464929894,0.5223078683308064,-1.5272439261226707,-2.6225745752912037,1
-1.2786354375244502,-0.8869000894366788,1.4916432487783353,-0.5435112068401895,1.8417918606957913,-0.4297631304144179,0.0777176572071905,0.35198643045978495,1,1,1,-0.5290171492333591,-0.43674094054937074,0.34276693252479723,-0.43844277897935413,1.6126026371312527,-0.8082005534589259,-1.2898473449910421,1
-1.5385755668053003,-1.10688813641278,-0.6583981662088036,-0.1010529572792524,-0.7186907494304999,-0.4294198205061677,0.008635295245243388,0.40526882399995307,3,0,1,-0.5276419149302044,-0.14190648829381244,0.3582911958785665,-0.4675338343364989,-0.4304058868614415,-1.7782555155268274,-2.4506958045640514,1
0.5181114371561126,-0.12800139264392926,0.0004854932227389841,0.30760338878927224,-0.6184516455351703,-0.1964249997393158,-0.19861179064059792,-0.6411385168370386,1,2,2,-0.3186339950972277,-0.34726070300183565,-0.6364702908276024,-0.187179448894863,-0.6186623307782574,0.3017446088325931,0.6217877049994696,1
-0.576740986574812,0.015344368378610085,0.465171863558669,1.1784790972296828,-0.7746575824387204,-0.3522173861945392,0.1468000191691376,1.1152807794556185,1,1,0,-0.34421432734293556,-0.35107668041521894,1.1199800650058025,-0.3628196697588705,-0.3299296418145871,0.418217755461697,-0.1544757704232487,0
0.08350903992130242,-0.5561995671386739,-0.8872735426429184,-0.767470485364276,-0.02941501659235844,-0.046013195344689256,1.6666119823319738,-0.9745988202316916,1,1,1,-0.26782218597656804,0.5509201284242256,-0.9712788260199169,-0.3772975239697755,-0.4938149224108016,-0.16659152542582015,0.37359745146078854,1
1.4399303739189726,0.5092768978018072,-1.6501914640899678,-1.116410135262872,-0.24110710776031125,3.8929841546453816,-0.8203530482981218,-0.48433850881342305,2,1,1,3.971491358407957,1.0660367936397561,-0.4785087515033327,0.22945316195026424,-0.38097280106110887,0.7364759591820147,1.0165072867871559,2
-0.7979309464624474,-0.623646071154923,0.1738759299152502,1.2185213521360791,-0.8626054628802196,-0.36077363875836105,0.5612941909408202,-0.11922459564354242,2,0,0,-0.4449166675035427,-0.24660429179007473,-0.11757562806828269,-0.404849299271875,-0.6411702766776062,-0.26694053277098284,-0.4061578384261784,1
-0.25028893284458664,-0.09609070164254466,1.6234199806646439,0.08225736550652271,0.3334857111241299,-0.366921441182859,0.6303765529027673,0.17562282710959123,0,2,1,-0.43471480301636356,-0.3914362532932376,0.18071818126013212,-0.35927804934304347,0.30024844242714566,0.32893166542154756,0.13728348428183662,0
0.9231408415050844,-0.050255314935197436,-0.2283898832113758,-0.3168651103461933,-0.24110710776031125,-0.10402139337078072,1.113953086636397,-0.7759407342852729,0,0,0,-0.2614241996148897,-0.04306941371455019,-0.7713420065112357,-0.2955006918023159,-0.4932035390971374,0.3666740416428266,0.8123797516230703,1
-0.8676023223667582,-0.9951503209029575,-1.4005092352527515,-1.1067029219522304,1.3314627123444767,-0.0262445954470604,0.6994589148647145,-1.2336837001234893,3,0,0,-0.33274101565548647,1.24068810337695,-1.232836672535234,-0.41531200631336235,-0.24239316225948007,-1.1678040623845107,-0.4986594785800432,1
-1.3837218648996819,-0.956471835479523,-1.3727667653819497,-0.7615768201399579,-0.7596420906560264,-0.30923280142954856,-1.649341391841487,0.5452306839596242,0,2,0,-0.3110769049813575,-0.6049514130350138,0.527461925187975,0.3962067572404171,-0.4344417083950511,-1.023264287791711,-1.6292617958242712,1
-0.6603862488922827,-0.707861247086005,0.465171863558669,-0.26694229903432265,0.176778578701102,-0.36006176439114107,-0.26769415260254503,-0.6100963085883472,1,0,0,-0.47666143126393007,-0.4096631571736331,-0.6079302600055858,-0.3399493443540643,-0.22863535812529767,-0.4091650111580601,-0.24318224972789151,1
-1.0973358766717285,-0.7133059351270311,0.7217897098635856,1.1008213907445508,-0.6818906400552243,-0.406591661594087,1.5975296203700267,0.4398060907603804,1,2,0,-0.4872605927800577,-0.19254541956117213,0.4367758263028987,-0.4482405963651394,-0.3920200949053509,-0.41913307102764175,-0.8719973678193635,1
1.5151672657549307,-0.1426191895993402,-0.5682351391286977,-0.30741791167780114,-0.4986831989843716,0.09477474852025103,-1.3039295820317516,-1.0918612811593076,2,1,2,-0.20729773005115926,-0.515489753925331,-1.0879928314430916,1.099499342438355,-0.6969653306751763,0.2890270010563905,1.0433701176951156,1
1.1018546102069764,0.8825323809378645,0.16694031244754973,-0.09455259122301925,-0.24110710776031125,-0.15529914384206248,0.21588238113108468,0.08064511402538854,1,2,1,-0.1270115586443054,-0.3015351334019634,0.08803698877180947,-0.18884475184123226,-0.16352408692024162,0.921743493827462,0.8872202188053703,0
0.5078900492928282,0.5756931185199259,-0.9843721871907246,-0.27153589104739406,-0.8220141334456842,0.1128796923455045,-0.5440236004503334,0.26524989926211473,3,1,2,0.33937221429953135,-0.17433260347176774,0.2724451614306021,-0.10157016406704396,-0.5418238816719463,0.772184993459287,0.6165356492657912,0
1.3171852395052088,-0.6041978014464093,0.22242525218915332,-0.3670479363003133,0.176778578701102,-0.1409136690731601,-1.3730119439936987,-1.4597809947898943,1,0,1,-0.44397469821297925,-0.561228172132261,-1.4571664681409446,1.298490087873247,-0.6745763029860817,-0.2369055740263502,0.9712610921032839,1
1.0867322131893034,0.3581678468933702,1.2142185500703173,0.00425297283172479,0.22574955758329887,-0.26062852729127733,0.423129467016926,-0.4379623066073777,1,0,2,-0.35350049834801534,-0.38458026192538236,-0.43220715108846935,-0.21889121267585604,-0.11194685943105244,0.6498756109528181,0.8810761060902227,0
-1.0111604930765474,-1.0199656183376282,0.5969485954449776,0.9269582666271677,-0.6619356511686346,-0.3964010930580756,-1.3730119439936987,-1.163436621069416,3,1,0,-0.5359313221165538,-0.5680323652410467,-1.1633752415963345,-0.08659477869998634,-0.7665056384483351,-1.273589985376299,-0.7171371714504192,1
1.3889111383017223,-0.5437411563569334,-0.727754340885808,-0.5842468341259173,-0.26608940423354704,0.1514725904746581,0.9067060007505557,-1.418333421044656,0,0,1,-0.3079278748665259,0.15466982835399756,-1.4155684681617382,-0.2441354764652283,-0.7456834161299108,-0.14915772008533287,0.9979204303977834,1
0.18811963913592883,1.4074626135621133,1.3459952819566259,-0.3758884341367904,1.0722479068326989,-0.32948965304816025,-1.5111766679175929,1.9063371035901888,0,2,1,-0.22411159619589752,-0.5908734904146768,1.9170636656598434,1.367608078763166,2.276908476319333,1.133259233470807,0.43851322222561306,0
1.0995421273978578,0.31472313105227523,-0.8942091601106188,-0.47556071366569885,-0.5822715939729474,0.1949629662958595,-0.1295294286786508,-0.48909413142090313,3,1,2,0.13081804701411898,-0.07116351368057337,-0.4834900160839785,-0.12490755401387095,-0.5605131112031895,0.6234492802596683,0.8862828388492655,0
1.4009195083886719,2.408688871555124,-0.7000118710150063,-0.8990378943424352,0.9603142408162472,0.1385148788219237,0.8376236387886086,1.2601732468925133,2,0,2,0.7939057977596404,0.11566225109348083,1.2716598266566925,-0.23667834964084022,1.620112982764773,1.4400106162864255,1.0023228370461685,0
-0.5643410095592863,-0.7072452326667564,1.6234199806646439,0.16788885435396755,0.22574955758329887,-0.3864171778332342,0.8376236387886086,-0.7320550945141093,1,1,1,-0.5088800346637421,-0.3720257842258034,-0.7296312965738517,-0.3946638846527129,-0.27111930704994514,-0.40804375329671266,-0.14189941075132448,1
-1.2712906357137892,-0.8152539410547868,0.9021157640237972,2.1103715750512686,-0.8626054628802196,-0.4235413442616695,-1.0276001341839631,0.7995640581941009,3,2,2,-0.5085831256354997,-0.5312313450934798,0.7889186522794595,-0.362836173471324,-0.47879382519682506,-0.6280582597194375,-1.2695436789090884,1
-0.870536176965793,-0.32611580229032583,1.5124501011814366,0.41351601973216456,-0.06430931733433017,-0.40374366344825224,-1.0276001341839631,1.082036870467861,1,2,2,-0.45896291448926374,-0.5447749066359746,1.0831711719492996,-0.24363589143071301,0.40700968584674274,0.113028894398491,-0.5027261329764051,0
-0.19343127801334187,0.1168524669980576,0.1183909901736466,-0.5780064827119334,0.5986823967631016,-0.29110933288458607,-0.4058588765264392,0.49147643740016883,2,0,2,-0.281243482978346,-0.3975805744368858,0.4974258604014553,-0.25165072592036014,0.7078260489197955,0.49286004333529876,0.18119553284021375,0
1.135491448797163,0.8735495094801682,-1.0537283618677291,-0.5376175416158714,-0.6619356511686346,0.343729411837559,-0.5440236004503334,0.046328940467465655,1,2,0,0.5871670769076709,-0.13482629066780016,0.0536441297275306,0.008237815823031826,-0.47140077490256377,0.9176825111950311,0.9007678209156816,0
1.2807076351181899,0.7552523233790458,1.1171199055225112,2.191236128790809,-0.8342351788668311,-0.24001332184790639,-0.26769415260254503,-0.16800654947691668,3,1,0,-0.2897160804268282,-0.4531633847825663,-0.16125398890089773,-0.06501679033819256,-0.6319627598180368,0.8625238019596376,0.9574574653136797,0
-1.6217874733989899,-1.1963196480963194,0.9506650862977004,2.169828256578948,-0.8626054628802196,-0.4511820533099074,-0.7512706863361748,-0.3939580230789847,1,2,2,-0.5672189045583107,-0.5003397141665555,-0.47870722297767104,-0.4720146059641624,-0.6897235961638554,-2.9843455330912114,-3.41731182842599,1
0.09090862228229138,1.132924664533383,0.29871704433385826,1.292625525177137,-0.8459416539544636,-0.27645124846592756,-1.0966824961459103,1.689504971917806,0,1,2,-0.10537033404560825,-0.5206691131369442,1.699305784160314,0.10085455864802595,-0.3006769830499802,1.0284962131402842,0.37831400986352715,0
-0.22639635499189945,0.5250101427316806,-0.0688706814542655,-0.725521456414718,0.9603142408162472,-0.27738153248456143,1.4593648964461325,1.3346080197173324,2,1,0,-0.15224517193907702,-0.03075725835095432,1.3421158686357972,-0.3903557780516965,1.6787115078347963,0.7450566666656158,0.15594466632686074,0
-0.8903467739986785,-0.14088897820279267,-0.5543639041932968,-0.141355226827898,-0.6298022499468481,-0.3211679630591645,-1.649341391841487,1.8168741224462648,2,2,0,-0.21075758650391047,-0.6049514130350138,1.8176940458662225,1.863700098947516,0.0020527508835700503,0.2905411785620224,-0.5305762539317738,0
-1.2379289718638407,-1.0971140551520333,-1.5045434972682583,-1.0978624241157533,0.45661274374222555,-0.14055635874166775,1.3902825344841854,-1.1997389460291117,2,0,1,-0.39024814929952095,2.597775983091629,-1.2018577392198952,-0.4551274169264665,-0.45893617994318325,-1.7062423799550066,-1.1816576894326658,1
-0.49766931881653154,0.04609202769160528,1.533256953584538,1.215747862618753,-0.4986831989843716,-0.38029503443106166,-0.8203530482981218,0.9766891927423864,3,2,1,-0.4132821901924362,-0.525215461264226,0.9818424620391956,-0.21386918594445964,-0.07927382744736505,0.44145058007931665,-0.07658208971668234,0
1.5600827996769266,3.130559930523534,-0.5959776089994996,-0.8855171329454702,1.0722479068326989,0.1153445448896409,-1.4420943059556457,1.721120746957104,2,1,0,0.9245811000169193,-0.5500475148156999,1.7343144235142656,1.924813924984253,2.124154142414845,1.6125400797910576,1.0591072961226928,0
-0.546664997002185,-0.805640877983313,-0.06193506398656505,0.32060412090173857,-0.65153054982063,-0.31722142593894115,-1.649341391841487,-0.9954480666747774,0,1,2,-0.47110140311615206,-0.6049514130350138,-0.9933139817643248,2.8859461115854286,-0.721871854097926,-0.606283892019008,-0.12421085381057301,1
0.11825259478530042,-0.8209217873852847,-1.594706524348364,-1.1294108673753382,0.45661274374222555,1.3823023578724645,1.6666119823319738,-1.4071339295260048,3,2,2,0.22131575978031806,4.35411036161269,-1.4048372096385597,-0.37518852148123755,-0.587220540737892,-0.6411332941311261,0.3955742480364525,2
0.7445530662092665,1.4195292234325734,0.6871116225250834,1.442567302207582,-0.7819003490633162,-0.24857014758308765,1.04487072467445,1.0134784954326983,0,0,2,-0.13019366648723638,-0.2579892784546275,1.023237524655815,-0.30405969448031317,-0.3583370850942836,1.1376099858892441,0.732279610132351,0
-0.4092309676064249,-0.11326503135905235,0.3472663666077614,-0.7185877326214026,1.482671348893012,-0.32997389103639835,0.4922118289788731,0.41553227927763237,1,0,2,-0.356583051899569,-0.2857084893053484,0.4203606968579695,-0.36623585478185544,1.3855227483844998,0.31439597558587823,0.004607924157763609,0
1.6582369964656507,2.8494702517794175,1.0616349657809077,1.6614129594340985,-0.7438758242841965,-0.2078033972662348,0.6303765529027673,1.3748282348964636,1,1,1,0.01960781133016217,-0.34966154812636835,1.3869824882223196,-0.1923158843200676,-0.24116570255620087,1.5490156775542456,1.092752574232963,0
1.6265025625727878,-0.16658279729176625,1.0546993483132072,0.11900610161109418,0.007365462568095836,-0.20956390394195165,0.21588238113108468,-1.1442127169535588,1,1,0,-0.41763436689747224,-0.395572140164749,-1.1404841151029783,-0.13311220741435806,-0.560031817069379,0.2678044339438326,1.0819839961393696,1
-0.7894657453024478,-0.1954968429138454,-1.68486955142847,-1.0740277485762317,-0.7958863811659789,1.15035669579044,0.423129467016926,1.2077615478965285,1,0,2,2.881708459517542,4.732927580509391,1.210164126556451,-0.39890919314499673,-0.33398381162665736,0.24155261296619637,-0.39541829187440675,2
0.045018273065178374,-0.5386564722057642,0.4166225412847659,0.48961363836380073,-0.5425328488144444,-0.2903695362240607,-1.1657648581078575,-0.922271665602529,0,2,1,-0.44291035072723045,-0.5351100056428439,-0.91887376465522,0.15694080318683457,-0.6628034408932486,-0.142132991584609,0.34873998108274656,1
-0.6225595180453642,-0.8579343406153405,0.9367938513622995,1.9474290659083575,-0.8281910748813702,-0.373582480907799,0.9757883627125028,-1.0585163520717646,3,1,2,-0.5158628830491593,-0.2976189861339723,-1.0566807835014087,-0.4037023513790475,-0.7958070679623575,-0.7312296402069828,-0.20220107927718717,1
-0.6770814853253945,-0.8763651783461394,0.3958156888816645,-0.5153429539298459,0.6782414024547968,-0.35866113428753715,0.0777176572071905,-1.0563281377290628,3,1,0,-0.5054814321658456,-0.35316466805650415,-1.0546642294307758,-0.3696250785342911,-0.29688818378452525,-0.7794821043231548,-0.26175416398414714,1
-1.520021424927305,-1.0408598696303433,-1.5253503496713596,-0.9317997392658502,-0.7273010314317618,-0.3331936276250936,0.6303765529027673,1.277038250384728,2,0,1,-0.2945026842947467,1.972853564335211,1.2220898612908713,-0.47035711964667165,-0.24389887513869526,-1.3727717757396973,-2.3144796637564564,1
0.4268458310136366,0.8670908731227229,-0.5751707565963983,-0.8800568254582343,1.0722479068326989,-0.09067513476679265,-1.5111766679175929,0.7410584650806681,0,2,0,0.13549964337747833,-0.5689657119549392,0.74941727362021,1.6042968939145048,1.3158628890158721,0.9147519630329731,0.5740041194141589,0
0.06347979543732189,0.18747396750876302,-1.6363202291545669,-1.131490984513333,0.1306882456355025,1.7718058138627726,1.735694344293921,0.23107691027538782,1,0,0,2.834759007120766,5.6723942833732055,0.23726518720200993,-0.38062970214882624,0.17771368977931212,0.5415460144838857,0.3607308454118556,2
-1.470415301352951,-1.1043362174748261,0.45130062862326814,0.5160484603258156,-0.5425328488144444,-0.43590668723134257,-0.8894354102600689,-0.35821269827057883,0,2,1,-0.5491296557329952,-0.4968839242086547,-0.3774399977976443,-0.43244171196662545,-0.5026529878839671,-1.7589227773114553,-2.0149356704507224,1
-0.6981386367778104,0.013837189292316646,0.05597043296434257,0.9812146553098605,-0.8401506848951549,-0.3433357333614238,-1.649341391841487,1.501745277710343,2,2,1,-0.29450684116171005,-0.6049514130350138,1.50556782437842,2.4354033867613407,-0.32802976988656823,0.4170642540444711,-0.2856227778839511,0
1.442308086802316,0.7859772022241198,1.6511624505354456,1.4738557308249176,-0.55620639553565,-0.2634050619598707,1.3212001725222384,-0.23760043313688156,2,2,1,-0.3296350965408703,-0.3289648839098722,-0.23096254656579782,-0.2732798511051966,-0.47668229388527716,0.877159483724096,1.017366091556108,0
-0.8310100898371634,-0.22057165119676636,0.9992144085716035,-0.0817252022053858,0.22574955758329887,-0.39123386732252124,-1.3730119439936987,1.2843031235218305,0,1,1,-0.4225852607906945,-0.5733195375177136,1.2861188429638373,0.020572981543787817,0.8201984200037183,0.21818637749446013,-0.4491326893375778,0
-1.1528389641510846,-0.8586363966951706,-0.7901748980951121,-0.8858638191351359,0.6782414024547968,-0.34498297401234945,0.3540471050549789,-0.07007326423366372,0,0,1,-0.42041454867695555,0.026879161711058565,-0.07354815628300976,-0.4320889884526152,0.38636655440150897,-0.7330236061252384,-0.9843148153642199,1
0.01851594867172079,-0.16739526504610502,1.4153514566336305,1.4520145008759742,-0.6067570834140483,-0.34341824426987794,0.3540471050549789,-0.2932182476748251,0,0,1,-0.4350443525805536,-0.4052114248894812,-0.288379040438485,-0.3159531743397865,-0.5218665389656677,0.2670765556449399,0.33130073141573585,1
1.7053837474676787,1.2608498088353215,0.7980815020082905,0.3578728862908087,-0.31293121012086694,-0.17883169222911072,-0.5440236004503334,0.01440785381964957,3,2,1,-0.17436070302695586,-0.4686651408594119,0.022046171080540595,0.10794875037694497,-0.2385414747421366,1.07874687120123,1.1085637015419496,0
-0.8225336218707802,-0.776982840215232,1.4916432487783353,1.3502621042090712,-0.55620639553565,-0.40031666849054826,1.5975296203700267,-0.5643577846925355,1,1,2,-0.5151459688608023,-0.28871572476200497,-0.5630861875896033,-0.43121203438107364,-0.5679605168193306,-0.5441736920898503,-0.43796354824422185,1
0.639562186554365,1.3240653609448254,-0.7832392806274117,-0.5524383762240831,-0.37630541808606105,0.028187660740273242,1.5284472584080797,1.0367606403213128,0,1,0,0.4644637521900832,0.39049088576110486,1.0463905625017162,-0.3375530403759235,0.06494818169895596,1.1026342182963615,0.6823909071360316,0
0.9437711632593209,0.8350634165613571,-1.1369557714801346,-0.6447435742225939,-0.6184516455351703,0.3824093737341994,-0.1295294286786508,0.15807711210015518,0,0,1,0.7067829230534994,0.12144036752979176,0.16554760606215244,-0.14505210501797275,-0.41206597152687247,0.9000852377946328,0.8212769273796916,0
-0.8375520759838162,-0.8596450797450926,0.680176005057383,0.2871489035989919,-0.31293121012086694,-0.3835160059454347,-0.6821883243742276,-0.8125286130674706,0,1,2,-0.5103241175712887,-0.4800539658323035,-0.8114355442158937,-0.3173272438321275,-0.5369178304871263,-0.7356070185143576,-0.4578290555025682,1
0.8302138136392715,2.023295566332626,0.4582362460909686,-0.5523517046766666,0.8581139370620995,-0.21954900130820335,0.8376236387886086,1.5820253008222243,2,1,2,0.025342037393183865,-0.25235757125960356,1.5936387110924435,-0.2825568699163359,1.7493640575217642,1.3332878174098959,0.7714102046653937,0
-0.3951106750922141,-0.41488060338534455,0.22242525218915332,-0.8479016813667343,2.303518233013645,-0.32074315307053514,-0.26769415260254503,-0.268292538859309,2,2,2,-0.4051617200082061,-0.38633520852124975,-0.264550778779675,-0.30237625650722977,1.2158269104959545,0.014622266512761025,0.017046781161706836,1
0.5041575533590386,0.603322187856968,-0.2838748229529794,-0.3670479363003133,-0.21498925235647318,-0.1498463303503053,-0.7512706863361748,0.30458765833130497,3,1,0,-0.07166158209735182,-0.41569933962753036,0.31188673098544406,-0.02034287020840831,-0.05678687208885822,0.7866549087055383,0.6146116717239607,0
0.5083182418698639,1.62536275306647,1.3251884295535246,2.550316349737129,-0.8516119778250327,-0.30687790469486254,-1.58025902987954,1.6067742809678633,1,2,1,-0.19284173642783703,-0.5978657329550876,1.61772605374477,2.7697767391742474,-0.3226934027332322,1.2089226015498278,0.6167561587053073,0
0.17599141178433583,0.5198128621326056,0.5969485954449776,1.3168068869063245,-0.7746575824387204,-0.2911818619187423,-0.9585177722220161,0.5940931150560615,3,0,2,-0.2693784959751304,-0.5126537935500961,0.6014674987936403,0.01746345390292789,-0.43739001405415323,0.7422306679851409,0.4311756666140728,0
-1.3384738218311458,-1.1307122100110614,-1.4213160876558528,-1.073507719291733,0.525016650752277,-0.2653674617441203,0.9757883627125028,-1.2262878734691827,1,1,0,-0.46531643686890073,1.5683278914794938,-1.2301654400791324,-0.4583026920713072,-0.4566155572987786,-1.980609724579025,-1.4704735644420488,1
1.1942626096702607,2.643636141110302,-0.7138831059504072,-0.04558316693272944,-0.7819003490633162,0.10571803840024636,0.9067060007505557,1.726472980390141,2,0,0,0.9005245034501077,0.14505436960223797,1.7391745687334512,-0.2593713180563917,-0.2130587870541481,1.4996588578215366,0.9240550831566153,0
-0.5549017471051183,-0.16455531149378097,-0.4850077295162924,-0.9057982750409176,1.482671348893012,-0.27410470608302534,0.6303765529027673,0.6065439894917514,2,0,0,-0.23713383389143428,-0.0516006063743897,0.6107640892172107,-0.3859262673114841,1.5693123711845842,0.2696184103753343,-0.13241896429082342,0
-1.0113357366991946,-0.8481288298222889,-1.3380886780434476,-0.720234492022315,-0.7672402913171502,-0.1497154774772187,0.9067060007505557,-0.44405726281302726,2,1,2,-0.2345828473529252,1.1377090819162474,-0.44454379767871904,-0.43201144667838304,-0.647464154354484,-0.7065200335839142,-0.7174314759987562,1
-1.5068031660088304,-1.1749775447303656,-0.4572652596454906,-0.07565819388623486,-0.6184516455351703,-0.42831993956633985,1.735694344293921,-1.1460078521744421,3,1,1,-0.5552703387076342,0.19983649676091178,-1.158915165480221,-0.4740425976523292,-0.7491704975380579,-2.532181732780192,-2.226579455741193,1
0.3633707921800703,1.1414961559784707,-0.9080803950460198,-0.9115185971704028,0.5986823967631016,0.030043671429216306,0.6303765529027673,1.2033047013101035,0,0,2,0.5236664964587001,0.2080486182894416,1.2127649035965582,-0.3055937086149349,1.1819974740772992,1.0319472389405897,0.5395360049375792,0
0.6580179197676067,0.9619681710294397,-0.7346899583535085,-0.9886562743710363,1.8417918606957913,0.00986972672478723,-0.4749412384883863,0.5791478626579186,0,1,2,0.2773093167353793,-0.2536845373308014,0.5874866448596109,-0.09802691258566482,1.8584967403151575,0.9569216743014488,0.6913218544575879,0
-1.589030067336329,-1.155510834984263,0.40275130634936496,0.3136703971084232,-0.4500499509910203,-0.4469105571844312,0.3540471050549789,0.268377490986316,2,2,1,-0.5582559127190847,-0.3137943770235008,0.19451260363717776,-0.47533583731340473,-0.25311306669690536,-2.249947328647113,-2.934874158579537,1
0.09548363748333075,1.05788625246312,-1.3727667653819497,-1.0839949765291226,0.9603142408162472,0.42241446315036985,-0.6821883243742276,1.5616378133517077,0,2,1,1.6095837847713081,0.10676578610424009,1.571146019867766,-0.13231267481696704,1.8574399508601551,0.9977390812722845,0.3812203330190376,0
-0.8754295011202,-0.3023167292108803,0.5969485954449776,0.26721444769321023,-0.3349181802312405,-0.38437103139793827,0.1468000191691376,1.1838286321788272,0,1,1,-0.41169829639225025,-0.3649776023742279,1.1848931085069003,-0.39572404724813187,0.1596387928835461,0.13777365816857903,-0.5095416098610528,0
0.5478999174440612,-0.47966318506447925,0.34033074914006095,0.16364194853056188,-0.37630541808606105,-0.23457716253355154,0.6303765529027673,-1.1015054747019923,3,0,0,-0.4268849267312802,-0.2640159160279841,-1.098109614495901,-0.28945068336664465,-0.6611997023341653,-0.06420299073534406,0.6369559565404527,1
-1.052647808577221,-0.8904108322447878,-0.5266214343224951,-0.9151588021618934,1.482671348893012,-0.3511417789228688,0.9067060007505557,-0.5272418957604216,1,1,1,-0.46194650504538065,0.03559406619031478,-0.5281754790192571,-0.43524509137820033,0.4783945423615741,-0.8179663177730513,-0.7890451315483252,1
0.7034818911944403,-0.13127425678462468,-0.5959776089994996,-0.31244486142795475,-0.5137952251969984,-0.03562669139782252,0.5612941909408202,-0.7541272785584204,2,1,2,-0.19505876218999335,-0.01930983202899913,-0.7496191596431233,-0.2695220964729988,-0.6026446650801067,0.2989118877580701,0.7130255219037518,1
-0.3306809544314629,0.24906486247091317,0.48597871596177034,-0.17255698389781718,0.0461893016819068,-0.3302916777767017,-0.06044706671670372,1.02361715543622,2,0,1,-0.3038669295139148,-0.3824054006153377,1.029941128755485,-0.31713568148790433,0.49460548184745656,0.5820675537717865,0.0721262587014098,0
1.5390743132101001,-0.6333429657728717,0.1045197552382457,0.5853856982589694,-0.7007813628678652,-0.09671270643904632,-0.6821883243742276,-1.5254110997245869,3,0,2,-0.44240884975517336,-0.44249422627496665,-1.5229670778951359,0.153941434054608,-0.8615561507056527,-0.2822769096316895,1.0517738056625723,1
-1.1779072821945686,-0.7921617574598283,-1.4005092352527515,-1.1318376707029987,2.303518233013645,-0.19031326364750045,0.3540471050549789,0.3990865298947483,3,2,0,-0.12607261482558849,0.969270527434014,0.39382414704337426,-0.4345744260365183,2.041442803410402,-0.5765663551827314,-1.038955901745085,1
-0.4859367293947837,0.1071370866381732,1.6303555981323443,0.4280768396981268,-0.02941501659235844,-0.3816997117045624,1.183035448598344,1.0900412724989057,0,0,2,-0.4103798447119189,-0.3402098339197066,1.0954498731607962,-0.39978609131176474,0.4471951204647231,0.4859635442596715,-0.06546906137682895,0
-1.2596586160828798,-0.698212014379338,1.3043815771504232,0.5839122819528898,-0.26608940423354704,-0.4269033616120293,-0.5440236004503334,1.5001848032024652,2,2,2,-0.5011658293689891,-0.49082304257170356,1.4875522106460148,-0.41082847428686586,0.3531657333517613,-0.3917512851623651,-1.2381178163800348,0
1.4981556108609904,0.6167596015673339,-1.0745352142708304,-0.7744908807050078,-0.2900086242611163,0.4724896778036479,-1.3730119439936987,-0.41830865405917467,1,0,1,0.47446316908857034,-0.48409377544532917,-0.4122301728756736,1.4061456302419875,-0.38219121730929706,0.7936137899448832,1.0373519237700708,0
1.3371706131792744,2.3774300626665763,1.56099942345534,2.6650694785164983,-0.8281910748813702,-0.26489967216972915,0.2849647430930318,1.3010159591086712,3,1,1,-0.1264384120945677,-0.42043213918409605,1.3125565249622555,-0.1748986679862837,-0.351614180665244,1.431785854140965,0.9787528423449958,0
-0.768526553613092,-0.9713518614675538,0.05597043296434257,-0.8073393971758394,1.6516692368002035,-0.35139004162292486,-1.4420943059556457,-1.248771929975136,1,2,2,-0.5145064036096362,-0.5692332636358318,-1.2475626421808397,0.1932618136132477,-0.17082230625086317,-1.076309788747548,-0.36928434070582167,1
0.5982520865162093,1.5673731917746165,-1.407444852720452,-0.8366343802025968,-0.6914636414805488,0.7699328447976319,-1.0276001341839631,1.391417818816596,1,2,1,2.3253507923287966,-0.10797647225674163,1.4019798188205497,0.19324003457136874,-0.17726355476324696,1.1893652838362139,0.6621405338787925,0
1.132797051764955,-0.3697688358300878,-1.3588955304465489,-0.6752519589131816,-0.8459416539544636,0.8920187577287442,-0.5440236004503334,-1.1882877789320092,2,2,0,0.2230829100421058,0.18341225370385214,-1.1848624178066927,0.007766391929837418,-0.8253266572278213,0.0659018242966635,0.8996885954106171,1
0.2420322446700952,0.02267173510980178,1.6372912156000448,-0.08449869172271196,0.5986823967631016,-0.3368401616468155,-1.0276001341839631,-0.22022624835911855,2,1,0,-0.4209146510249206,-0.5469543374512315,-0.21478651779461658,0.08728611518348875,0.23373827535872305,0.42380587366522154,0.470564919611749,0
0.15517197456852921,0.9074796786291228,-1.0259858919969274,-0.4256379023538282,-0.7438758242841965,0.04675998773618792,-0.5440236004503334,1.2150383861608498,3,1,1,0.5641580263507623,-0.15146788791973695,1.2239080453010875,-0.1632833139847801,-0.27575905863124534,0.9329318201859199,0.4184676189574625,0
-0.8232236723502838,-0.943748004371046,-1.7403544911700735,-1.1257706623838477,-0.8626054628802196,2.462900756658001,-0.33677651456449215,-1.107811370532204,2,1,0,1.1502677144066957,5.480230639605606,-1.1067417461243414,-0.3569473924523633,-0.8158820690106626,-0.9801339243742339,-0.43886868126566636,2
-1.328910788016095,-1.0773544210268746,-1.0606639793354296,-0.7014267662329471,-0.43263804738845824,-0.3551054128450365,-0.06044706671670372,-0.8231540211587814,2,1,1,-0.4871885821860784,0.07711090280677123,-0.8289720651144861,-0.44084950332573736,-0.5897132020840039,-1.5754168966355033,-1.43959465734001,1
1.4047422025793102,2.066543040972992,-0.4156515548392879,-0.9768689439224002,2.5876575390554017,0.017295117541789955,-1.3730119439936987,0.9457781390889507,2,1,2,0.4129589200784252,-0.5412155444553791,0.9562454611459312,1.3505759198096305,3.0023068757078284,1.3458762312304018,1.0037206844816382,0
1.4156287010185444,2.069381453976835,0.04209919802894167,-0.16475654463033737,-0.24110710776031125,-0.09879963516909833,0.6303765529027673,0.9378268192631829,1,2,2,0.1700302682628376,-0.20910870115419278,0.9482799494687498,-0.21353980674014292,0.1663846963688836,1.3466966505561857,1.0076920974394383,0
0.5068623563891811,0.8793146513268738,0.7564677972020878,1.324347311531555,-0.7356933316102127,-0.27393615139502664,-1.3039295820317516,0.6547663999995891,3,1,0,-0.22984862015714388,-0.5616713130873564,0.6630500589598877,0.5996495093892174,-0.38965707346327255,0.9202908073686098,0.6160062349136726,0
-0.4928601946378523,-0.004919001279519895,1.5540638059876393,0.47574619077717,-0.09745890303919953,-0.3804574651265672,-1.58025902987954,0.844220419136048,0,2,1,-0.4205842680995315,-0.5983478513935155,0.8492136778056788,1.2808257194210035,0.26932820250653605,0.4025914804012448,-0.0720136767535747,0
-0.45825312308919863,-0.206116103185103,0.805017119475991,-0.2897369160048469,0.45661274374222555,-0.35603410758563986,-0.8203530482981218,0.30161522153222364,1,1,1,-0.4091565427683614,-0.5030078354394708,0.30599965605056034,-0.20485076975641342,0.46972784299815923,0.2317267368671577,-0.03967312750405098,0
0.8225284675801364,-0.06574171099360991,0.6524335351865811,0.9455059777742864,-0.65153054982063,-0.23889024022547375,1.2521178105602913,-0.7422509937760048,2,0,0,-0.3752884491354809,-0.22603718588763635,-0.7376186967719801,-0.31124308180316373,-0.659225739704524,0.35408838525106356,0.7679543550010255,1
1.4043835528263715,0.5765485810210863,-1.4490585575266546,-0.9237392853561212,-0.5694458614085662,1.3988510820518383,1.2521178105602913,-0.405340421550645,1,2,2,1.515119722868413,1.9818668684518899,-0.3992732505692232,-0.27099498964637403,-0.5308074245033833,0.7726363261690313,1.0035896103405846,2
1.370306639830304,-0.08539777396526865,0.6871116225250834,0.29130913787498114,-0.31293121012086694,-0.1951169341125844,1.5975296203700267,-0.9941396676851253,2,0,0,-0.3813056583800471,-0.18681755854070206,-0.9900029468433271,-0.29532917437841527,-0.6024469815279607,0.33787109818584693,0.9910657085781597,1
1.005833808307869,2.28153637684418,0.38194445394626364,1.06381263999773,-0.7672402913171502,-0.19420651429128846,-0.9585177722220161,1.61387313727055,2,2,2,0.09523878008252014,-0.5035992802461959,1.6259099818975404,0.24185260417961382,-0.21804037600598178,1.4061026155727356,0.8476272033798995,0
